[
    {
        "links": {
            "self": "http://www.neowsapp.com/rest/v1/neo/2333755?api_key=1S7YAGqlynqf8nuMSqxRpMve3WSlvoogEcpDqmIv"
        },
        "id": "2333755",
        "neo_reference_id": "2333755",
        "name": "333755 (2010 VC1)",
        "nasa_jpl_url": "http://ssd.jpl.nasa.gov/sbdb.cgi?sstr=2333755",
        "absolute_magnitude_h": 19.3,
        "estimated_diameter": {
            "kilometers": {
                "estimated_diameter_min": 0.3669061375,
                "estimated_diameter_max": 0.8204270649
            },
            "meters": {
                "estimated_diameter_min": 366.9061375314,
                "estimated_diameter_max": 820.4270648822
            },
            "miles": {
                "estimated_diameter_min": 0.2279848336,
                "estimated_diameter_max": 0.5097895857
            },
            "feet": {
                "estimated_diameter_min": 1203.7603322587,
                "estimated_diameter_max": 2691.6899315481
            }
        },
        "is_potentially_hazardous_asteroid": false,
        "close_approach_data": [
            {
                "close_approach_date": "2020-12-07",
                "close_approach_date_full": "2020-Dec-07 11:58",
                "epoch_date_close_approach": 1607342280000,
                "relative_velocity": {
                    "kilometers_per_second": "16.1877928333",
                    "kilometers_per_hour": "58276.0541998386",
                    "miles_per_hour": "36210.473788783"
                },
                "miss_distance": {
                    "astronomical": "0.3448275972",
                    "lunar": "134.1379353108",
                    "kilometers": "51585474.058337964",
                    "miles": "32053727.2287693432"
                },
                "orbiting_body": "Earth"
            }
        ],
        "is_sentry_object": false
    },
    {
        "links": {
            "self": "http://www.neowsapp.com/rest/v1/neo/3459306?api_key=1S7YAGqlynqf8nuMSqxRpMve3WSlvoogEcpDqmIv"
        },
        "id": "3459306",
        "neo_reference_id": "3459306",
        "name": "(2009 HD82)",
        "nasa_jpl_url": "http://ssd.jpl.nasa.gov/sbdb.cgi?sstr=3459306",
        "absolute_magnitude_h": 21.6,
        "estimated_diameter": {
            "kilometers": {
                "estimated_diameter_min": 0.1272198785,
                "estimated_diameter_max": 0.2844722965
            },
            "meters": {
                "estimated_diameter_min": 127.2198785394,
                "estimated_diameter_max": 284.4722965033
            },
            "miles": {
                "estimated_diameter_min": 0.0790507431,
                "estimated_diameter_max": 0.1767628354
            },
            "feet": {
                "estimated_diameter_min": 417.3880663071,
                "estimated_diameter_max": 933.3080892598
            }
        },
        "is_potentially_hazardous_asteroid": false,
        "close_approach_data": [
            {
                "close_approach_date": "2020-12-07",
                "close_approach_date_full": "2020-Dec-07 17:52",
                "epoch_date_close_approach": 1607363520000,
                "relative_velocity": {
                    "kilometers_per_second": "18.1520053175",
                    "kilometers_per_hour": "65347.2191430608",
                    "miles_per_hour": "40604.2206947536"
                },
                "miss_distance": {
                    "astronomical": "0.141112307",
                    "lunar": "54.892687423",
                    "kilometers": "21110100.55798609",
                    "miles": "13117208.233704442"
                },
                "orbiting_body": "Earth"
            }
        ],
        "is_sentry_object": false
    },
    {
        "links": {
            "self": "http://www.neowsapp.com/rest/v1/neo/3552664?api_key=1S7YAGqlynqf8nuMSqxRpMve3WSlvoogEcpDqmIv"
        },
        "id": "3552664",
        "neo_reference_id": "3552664",
        "name": "(2010 WC9)",
        "nasa_jpl_url": "http://ssd.jpl.nasa.gov/sbdb.cgi?sstr=3552664",
        "absolute_magnitude_h": 23.6,
        "estimated_diameter": {
            "kilometers": {
                "estimated_diameter_min": 0.0506471459,
                "estimated_diameter_max": 0.1132504611
            },
            "meters": {
                "estimated_diameter_min": 50.6471458835,
                "estimated_diameter_max": 113.2504610618
            },
            "miles": {
                "estimated_diameter_min": 0.0314706677,
                "estimated_diameter_max": 0.0703705522
            },
            "feet": {
                "estimated_diameter_min": 166.1651821003,
                "estimated_diameter_max": 371.5566426699
            }
        },
        "is_potentially_hazardous_asteroid": false,
        "close_approach_data": [
            {
                "close_approach_date": "2020-12-07",
                "close_approach_date_full": "2020-Dec-07 03:31",
                "epoch_date_close_approach": 1607311860000,
                "relative_velocity": {
                    "kilometers_per_second": "22.1694927737",
                    "kilometers_per_hour": "79810.1739854215",
                    "miles_per_hour": "49590.9383855526"
                },
                "miss_distance": {
                    "astronomical": "0.3688908315",
                    "lunar": "143.4985334535",
                    "kilometers": "55185282.654928905",
                    "miles": "34290544.568092689"
                },
                "orbiting_body": "Earth"
            }
        ],
        "is_sentry_object": false
    },
    {
        "links": {
            "self": "http://www.neowsapp.com/rest/v1/neo/3553704?api_key=1S7YAGqlynqf8nuMSqxRpMve3WSlvoogEcpDqmIv"
        },
        "id": "3553704",
        "neo_reference_id": "3553704",
        "name": "(2010 XA68)",
        "nasa_jpl_url": "http://ssd.jpl.nasa.gov/sbdb.cgi?sstr=3553704",
        "absolute_magnitude_h": 21.9,
        "estimated_diameter": {
            "kilometers": {
                "estimated_diameter_min": 0.1108038821,
                "estimated_diameter_max": 0.2477650126
            },
            "meters": {
                "estimated_diameter_min": 110.8038821264,
                "estimated_diameter_max": 247.7650126055
            },
            "miles": {
                "estimated_diameter_min": 0.068850319,
                "estimated_diameter_max": 0.1539539936
            },
            "feet": {
                "estimated_diameter_min": 363.5298086356,
                "estimated_diameter_max": 812.8773639568
            }
        },
        "is_potentially_hazardous_asteroid": true,
        "close_approach_data": [
            {
                "close_approach_date": "2020-12-07",
                "close_approach_date_full": "2020-Dec-07 00:26",
                "epoch_date_close_approach": 1607300760000,
                "relative_velocity": {
                    "kilometers_per_second": "30.059114664",
                    "kilometers_per_hour": "108212.8127903924",
                    "miles_per_hour": "67239.2335918969"
                },
                "miss_distance": {
                    "astronomical": "0.1670990756",
                    "lunar": "65.0015404084",
                    "kilometers": "24997665.788728972",
                    "miles": "15532829.2542529336"
                },
                "orbiting_body": "Earth"
            }
        ],
        "is_sentry_object": false
    },
    {
        "links": {
            "self": "http://www.neowsapp.com/rest/v1/neo/3555888?api_key=1S7YAGqlynqf8nuMSqxRpMve3WSlvoogEcpDqmIv"
        },
        "id": "3555888",
        "neo_reference_id": "3555888",
        "name": "(2011 BC40)",
        "nasa_jpl_url": "http://ssd.jpl.nasa.gov/sbdb.cgi?sstr=3555888",
        "absolute_magnitude_h": 20.4,
        "estimated_diameter": {
            "kilometers": {
                "estimated_diameter_min": 0.2210828104,
                "estimated_diameter_max": 0.4943561926
            },
            "meters": {
                "estimated_diameter_min": 221.0828103591,
                "estimated_diameter_max": 494.3561926196
            },
            "miles": {
                "estimated_diameter_min": 0.137374447,
                "estimated_diameter_max": 0.3071786018
            },
            "feet": {
                "estimated_diameter_min": 725.3373275385,
                "estimated_diameter_max": 1621.9035709942
            }
        },
        "is_potentially_hazardous_asteroid": false,
        "close_approach_data": [
            {
                "close_approach_date": "2020-12-07",
                "close_approach_date_full": "2020-Dec-07 22:29",
                "epoch_date_close_approach": 1607380140000,
                "relative_velocity": {
                    "kilometers_per_second": "11.802052185",
                    "kilometers_per_hour": "42487.3878661728",
                    "miles_per_hour": "26400.0105327339"
                },
                "miss_distance": {
                    "astronomical": "0.1293196085",
                    "lunar": "50.3053277065",
                    "kilometers": "19345937.980833895",
                    "miles": "12021008.439721951"
                },
                "orbiting_body": "Earth"
            }
        ],
        "is_sentry_object": false
    },
    {
        "links": {
            "self": "http://www.neowsapp.com/rest/v1/neo/3634275?api_key=1S7YAGqlynqf8nuMSqxRpMve3WSlvoogEcpDqmIv"
        },
        "id": "3634275",
        "neo_reference_id": "3634275",
        "name": "(2013 GF23)",
        "nasa_jpl_url": "http://ssd.jpl.nasa.gov/sbdb.cgi?sstr=3634275",
        "absolute_magnitude_h": 23.7,
        "estimated_diameter": {
            "kilometers": {
                "estimated_diameter_min": 0.0483676488,
                "estimated_diameter_max": 0.1081533507
            },
            "meters": {
                "estimated_diameter_min": 48.3676488219,
                "estimated_diameter_max": 108.1533506775
            },
            "miles": {
                "estimated_diameter_min": 0.0300542543,
                "estimated_diameter_max": 0.0672033557
            },
            "feet": {
                "estimated_diameter_min": 158.6865169607,
                "estimated_diameter_max": 354.8338390368
            }
        },
        "is_potentially_hazardous_asteroid": false,
        "close_approach_data": [
            {
                "close_approach_date": "2020-12-07",
                "close_approach_date_full": "2020-Dec-07 20:16",
                "epoch_date_close_approach": 1607372160000,
                "relative_velocity": {
                    "kilometers_per_second": "18.4914909676",
                    "kilometers_per_hour": "66569.3674834025",
                    "miles_per_hour": "41363.6161454508"
                },
                "miss_distance": {
                    "astronomical": "0.4940359578",
                    "lunar": "192.1799875842",
                    "kilometers": "73906726.990289886",
                    "miles": "45923510.6502809868"
                },
                "orbiting_body": "Earth"
            }
        ],
        "is_sentry_object": false
    },
    {
        "links": {
            "self": "http://www.neowsapp.com/rest/v1/neo/3734613?api_key=1S7YAGqlynqf8nuMSqxRpMve3WSlvoogEcpDqmIv"
        },
        "id": "3734613",
        "neo_reference_id": "3734613",
        "name": "(2015 VV105)",
        "nasa_jpl_url": "http://ssd.jpl.nasa.gov/sbdb.cgi?sstr=3734613",
        "absolute_magnitude_h": 28.3,
        "estimated_diameter": {
            "kilometers": {
                "estimated_diameter_min": 0.0058150704,
                "estimated_diameter_max": 0.0130028927
            },
            "meters": {
                "estimated_diameter_min": 5.8150703965,
                "estimated_diameter_max": 13.0028927004
            },
            "miles": {
                "estimated_diameter_min": 0.0036133161,
                "estimated_diameter_max": 0.0080796204
            },
            "feet": {
                "estimated_diameter_min": 19.0783155595,
                "estimated_diameter_max": 42.6604104873
            }
        },
        "is_potentially_hazardous_asteroid": false,
        "close_approach_data": [
            {
                "close_approach_date": "2020-12-07",
                "close_approach_date_full": "2020-Dec-07 09:23",
                "epoch_date_close_approach": 1607332980000,
                "relative_velocity": {
                    "kilometers_per_second": "7.1732033002",
                    "kilometers_per_hour": "25823.5318805756",
                    "miles_per_hour": "16045.7384621277"
                },
                "miss_distance": {
                    "astronomical": "0.1242097611",
                    "lunar": "48.3175970679",
                    "kilometers": "18581515.693768857",
                    "miles": "11546018.4561179466"
                },
                "orbiting_body": "Earth"
            }
        ],
        "is_sentry_object": false
    },
    {
        "links": {
            "self": "http://www.neowsapp.com/rest/v1/neo/3736412?api_key=1S7YAGqlynqf8nuMSqxRpMve3WSlvoogEcpDqmIv"
        },
        "id": "3736412",
        "neo_reference_id": "3736412",
        "name": "(2015 XX169)",
        "nasa_jpl_url": "http://ssd.jpl.nasa.gov/sbdb.cgi?sstr=3736412",
        "absolute_magnitude_h": 27.4,
        "estimated_diameter": {
            "kilometers": {
                "estimated_diameter_min": 0.0088014652,
                "estimated_diameter_max": 0.0196806745
            },
            "meters": {
                "estimated_diameter_min": 8.801465209,
                "estimated_diameter_max": 19.6806745089
            },
            "miles": {
                "estimated_diameter_min": 0.0054689752,
                "estimated_diameter_max": 0.0122290004
            },
            "feet": {
                "estimated_diameter_min": 28.8761991163,
                "estimated_diameter_max": 64.5691441559
            }
        },
        "is_potentially_hazardous_asteroid": false,
        "close_approach_data": [
            {
                "close_approach_date": "2020-12-07",
                "close_approach_date_full": "2020-Dec-07 08:43",
                "epoch_date_close_approach": 1607330580000,
                "relative_velocity": {
                    "kilometers_per_second": "4.8212807645",
                    "kilometers_per_hour": "17356.610752156",
                    "miles_per_hour": "10784.7229420827"
                },
                "miss_distance": {
                    "astronomical": "0.1041530682",
                    "lunar": "40.5155435298",
                    "kilometers": "15581077.156684734",
                    "miles": "9681632.4019039692"
                },
                "orbiting_body": "Earth"
            }
        ],
        "is_sentry_object": false
    },
    {
        "links": {
            "self": "http://www.neowsapp.com/rest/v1/neo/3836972?api_key=1S7YAGqlynqf8nuMSqxRpMve3WSlvoogEcpDqmIv"
        },
        "id": "3836972",
        "neo_reference_id": "3836972",
        "name": "(2018 YA1)",
        "nasa_jpl_url": "http://ssd.jpl.nasa.gov/sbdb.cgi?sstr=3836972",
        "absolute_magnitude_h": 23.3,
        "estimated_diameter": {
            "kilometers": {
                "estimated_diameter_min": 0.058150704,
                "estimated_diameter_max": 0.130028927
            },
            "meters": {
                "estimated_diameter_min": 58.1507039646,
                "estimated_diameter_max": 130.0289270043
            },
            "miles": {
                "estimated_diameter_min": 0.0361331611,
                "estimated_diameter_max": 0.0807962044
            },
            "feet": {
                "estimated_diameter_min": 190.7831555951,
                "estimated_diameter_max": 426.6041048727
            }
        },
        "is_potentially_hazardous_asteroid": false,
        "close_approach_data": [
            {
                "close_approach_date": "2020-12-07",
                "close_approach_date_full": "2020-Dec-07 19:27",
                "epoch_date_close_approach": 1607369220000,
                "relative_velocity": {
                    "kilometers_per_second": "16.518239469",
                    "kilometers_per_hour": "59465.66208826",
                    "miles_per_hour": "36949.6498681191"
                },
                "miss_distance": {
                    "astronomical": "0.3288193375",
                    "lunar": "127.9107222875",
                    "kilometers": "49190672.504811125",
                    "miles": "30565666.545698525"
                },
                "orbiting_body": "Earth"
            }
        ],
        "is_sentry_object": false
    },
    {
        "links": {
            "self": "http://www.neowsapp.com/rest/v1/neo/3840765?api_key=1S7YAGqlynqf8nuMSqxRpMve3WSlvoogEcpDqmIv"
        },
        "id": "3840765",
        "neo_reference_id": "3840765",
        "name": "(2019 GJ)",
        "nasa_jpl_url": "http://ssd.jpl.nasa.gov/sbdb.cgi?sstr=3840765",
        "absolute_magnitude_h": 24.3,
        "estimated_diameter": {
            "kilometers": {
                "estimated_diameter_min": 0.0366906138,
                "estimated_diameter_max": 0.0820427065
            },
            "meters": {
                "estimated_diameter_min": 36.6906137531,
                "estimated_diameter_max": 82.0427064882
            },
            "miles": {
                "estimated_diameter_min": 0.0227984834,
                "estimated_diameter_max": 0.0509789586
            },
            "feet": {
                "estimated_diameter_min": 120.3760332259,
                "estimated_diameter_max": 269.1689931548
            }
        },
        "is_potentially_hazardous_asteroid": false,
        "close_approach_data": [
            {
                "close_approach_date": "2020-12-07",
                "close_approach_date_full": "2020-Dec-07 18:59",
                "epoch_date_close_approach": 1607367540000,
                "relative_velocity": {
                    "kilometers_per_second": "5.7953826683",
                    "kilometers_per_hour": "20863.3776060062",
                    "miles_per_hour": "12963.6914907987"
                },
                "miss_distance": {
                    "astronomical": "0.2038663784",
                    "lunar": "79.3040211976",
                    "kilometers": "30497975.973254008",
                    "miles": "18950563.5204729904"
                },
                "orbiting_body": "Earth"
            }
        ],
        "is_sentry_object": false
    },
    {
        "links": {
            "self": "http://www.neowsapp.com/rest/v1/neo/54087547?api_key=1S7YAGqlynqf8nuMSqxRpMve3WSlvoogEcpDqmIv"
        },
        "id": "54087547",
        "neo_reference_id": "54087547",
        "name": "(2020 VK1)",
        "nasa_jpl_url": "http://ssd.jpl.nasa.gov/sbdb.cgi?sstr=54087547",
        "absolute_magnitude_h": 23.984,
        "estimated_diameter": {
            "kilometers": {
                "estimated_diameter_min": 0.0424380067,
                "estimated_diameter_max": 0.0948942677
            },
            "meters": {
                "estimated_diameter_min": 42.4380066585,
                "estimated_diameter_max": 94.894267718
            },
            "miles": {
                "estimated_diameter_min": 0.0263697466,
                "estimated_diameter_max": 0.058964546
            },
            "feet": {
                "estimated_diameter_min": 139.2323097655,
                "estimated_diameter_max": 311.3329092999
            }
        },
        "is_potentially_hazardous_asteroid": false,
        "close_approach_data": [
            {
                "close_approach_date": "2020-12-07",
                "close_approach_date_full": "2020-Dec-07 16:58",
                "epoch_date_close_approach": 1607360280000,
                "relative_velocity": {
                    "kilometers_per_second": "7.2257539571",
                    "kilometers_per_hour": "26012.7142454909",
                    "miles_per_hour": "16163.289026594"
                },
                "miss_distance": {
                    "astronomical": "0.0899908173",
                    "lunar": "35.0064279297",
                    "kilometers": "13462434.587639151",
                    "miles": "8365168.9547202438"
                },
                "orbiting_body": "Earth"
            }
        ],
        "is_sentry_object": false
    },
    {
        "links": {
            "self": "http://www.neowsapp.com/rest/v1/neo/54097978?api_key=1S7YAGqlynqf8nuMSqxRpMve3WSlvoogEcpDqmIv"
        },
        "id": "54097978",
        "neo_reference_id": "54097978",
        "name": "(2020 XB1)",
        "nasa_jpl_url": "http://ssd.jpl.nasa.gov/sbdb.cgi?sstr=54097978",
        "absolute_magnitude_h": 26.079,
        "estimated_diameter": {
            "kilometers": {
                "estimated_diameter_min": 0.016171674,
                "estimated_diameter_max": 0.0361609623
            },
            "meters": {
                "estimated_diameter_min": 16.1716739505,
                "estimated_diameter_max": 36.1609622633
            },
            "miles": {
                "estimated_diameter_min": 0.0100486092,
                "estimated_diameter_max": 0.0224693733
            },
            "feet": {
                "estimated_diameter_min": 53.0566747638,
                "estimated_diameter_max": 118.638331432
            }
        },
        "is_potentially_hazardous_asteroid": false,
        "close_approach_data": [
            {
                "close_approach_date": "2020-12-07",
                "close_approach_date_full": "2020-Dec-07 20:30",
                "epoch_date_close_approach": 1607373000000,
                "relative_velocity": {
                    "kilometers_per_second": "7.4771487852",
                    "kilometers_per_hour": "26917.7356266609",
                    "miles_per_hour": "16725.6341175771"
                },
                "miss_distance": {
                    "astronomical": "0.0211772158",
                    "lunar": "8.2379369462",
                    "kilometers": "3168066.376210346",
                    "miles": "1968545.1635249348"
                },
                "orbiting_body": "Earth"
            }
        ],
        "is_sentry_object": false
    },
    {
        "links": {
            "self": "http://www.neowsapp.com/rest/v1/neo/54098018?api_key=1S7YAGqlynqf8nuMSqxRpMve3WSlvoogEcpDqmIv"
        },
        "id": "54098018",
        "neo_reference_id": "54098018",
        "name": "(2020 XK1)",
        "nasa_jpl_url": "http://ssd.jpl.nasa.gov/sbdb.cgi?sstr=54098018",
        "absolute_magnitude_h": 30.631,
        "estimated_diameter": {
            "kilometers": {
                "estimated_diameter_min": 0.0019877189,
                "estimated_diameter_max": 0.0044446747
            },
            "meters": {
                "estimated_diameter_min": 1.9877189432,
                "estimated_diameter_max": 4.444674677
            },
            "miles": {
                "estimated_diameter_min": 0.0012351109,
                "estimated_diameter_max": 0.0027617919
            },
            "feet": {
                "estimated_diameter_min": 6.5213878174,
                "estimated_diameter_max": 14.5822664675
            }
        },
        "is_potentially_hazardous_asteroid": false,
        "close_approach_data": [
            {
                "close_approach_date": "2020-12-07",
                "close_approach_date_full": "2020-Dec-07 16:15",
                "epoch_date_close_approach": 1607357700000,
                "relative_velocity": {
                    "kilometers_per_second": "8.4931434912",
                    "kilometers_per_hour": "30575.3165684491",
                    "miles_per_hour": "18998.3126755455"
                },
                "miss_distance": {
                    "astronomical": "0.0001390927",
                    "lunar": "0.0541070603",
                    "kilometers": "20807.971652549",
                    "miles": "12929.4740372162"
                },
                "orbiting_body": "Earth"
            }
        ],
        "is_sentry_object": false
    },
    {
        "links": {
            "self": "http://www.neowsapp.com/rest/v1/neo/54098027?api_key=1S7YAGqlynqf8nuMSqxRpMve3WSlvoogEcpDqmIv"
        },
        "id": "54098027",
        "neo_reference_id": "54098027",
        "name": "(2020 XS1)",
        "nasa_jpl_url": "http://ssd.jpl.nasa.gov/sbdb.cgi?sstr=54098027",
        "absolute_magnitude_h": 23.817,
        "estimated_diameter": {
            "kilometers": {
                "estimated_diameter_min": 0.0458305402,
                "estimated_diameter_max": 0.1024802034
            },
            "meters": {
                "estimated_diameter_min": 45.8305402365,
                "estimated_diameter_max": 102.4802034144
            },
            "miles": {
                "estimated_diameter_min": 0.0284777686,
                "estimated_diameter_max": 0.0636782265
            },
            "feet": {
                "estimated_diameter_min": 150.3626696296,
                "estimated_diameter_max": 336.2211505701
            }
        },
        "is_potentially_hazardous_asteroid": false,
        "close_approach_data": [
            {
                "close_approach_date": "2020-12-07",
                "close_approach_date_full": "2020-Dec-07 02:06",
                "epoch_date_close_approach": 1607306760000,
                "relative_velocity": {
                    "kilometers_per_second": "14.4150076098",
                    "kilometers_per_hour": "51894.0273952134",
                    "miles_per_hour": "32244.9305223202"
                },
                "miss_distance": {
                    "astronomical": "0.2696847686",
                    "lunar": "104.9073749854",
                    "kilometers": "40344266.954002882",
                    "miles": "25068765.0311364916"
                },
                "orbiting_body": "Earth"
            }
        ],
        "is_sentry_object": false
    }
]